{
  "hash": "3278d503",
  "configHash": "d744d61d",
  "lockfileHash": "b0ea65f2",
  "browserHash": "7b35d5f6",
  "optimized": {
    "@angular/common": {
      "src": "../../../../../node_modules/@angular/common/fesm2022/common.mjs",
      "file": "@angular_common.js",
      "fileHash": "2a13d95c",
      "needsInterop": false
    },
    "@angular/common/http": {
      "src": "../../../../../node_modules/@angular/common/fesm2022/http.mjs",
      "file": "@angular_common_http.js",
      "fileHash": "ff94cb84",
      "needsInterop": false
    },
    "@angular/core": {
      "src": "../../../../../node_modules/@angular/core/fesm2022/core.mjs",
      "file": "@angular_core.js",
      "fileHash": "ffe2fe9d",
      "needsInterop": false
    },
    "@angular/forms": {
      "src": "../../../../../node_modules/@angular/forms/fesm2022/forms.mjs",
      "file": "@angular_forms.js",
      "fileHash": "1c65f372",
      "needsInterop": false
    },
    "@angular/platform-browser": {
      "src": "../../../../../node_modules/@angular/platform-browser/fesm2022/platform-browser.mjs",
      "file": "@angular_platform-browser.js",
      "fileHash": "910f9687",
      "needsInterop": false
    },
    "@angular/router": {
      "src": "../../../../../node_modules/@angular/router/fesm2022/router.mjs",
      "file": "@angular_router.js",
      "fileHash": "d1a96a91",
      "needsInterop": false
    }
  },
  "chunks": {
    "chunk-VZAMPRR3": {
      "file": "chunk-VZAMPRR3.js"
    },
    "chunk-PDRTZV4O": {
      "file": "chunk-PDRTZV4O.js"
    },
    "chunk-B5HUQXFL": {
      "file": "chunk-B5HUQXFL.js"
    },
    "chunk-SRYCPNOB": {
      "file": "chunk-SRYCPNOB.js"
    }
  }
}